wild_pdb	wild_chain	rms	mut_pdb	mut_chain	wild_aa	wild_seq_num	mut_aa	mut_seq_num	tmalign_rmsd	tmalign_seqid	tmalign_tmscore1	tmalign_tmscore2	tmalign_seqlen1	tmalign_seqlen2	tmalign_alignlen
2j8c	M	0.483407	1jgw	M	T	  21 	L	  21 	0.48	0.997	0.9945	0.9945	302	302	302
2j8c	M	0.454708	1jgx	M	T	  21 	D	  21 	0.45	0.997	0.99519	0.99519	302	302	302
2j8c	M	0.456161	1jgy	M	Y	  76 	F	  76 	0.46	0.997	0.99508	0.99508	302	302	302
2j8c	M	0.5287390000000001	1jgz	M	Y	  76 	K	  76 	0.53	0.997	0.99358	0.99358	302	302	302
2j8c	M	0.273179	1rzh	M	R	 233 	C	 233 	0.19	0.997	0.99578	0.99908	302	301	301
2j8c	M	0.390872	1umx	M	R	 267 	L	 267 	0.39	0.997	0.99636	0.99636	302	302	302
2j8c	M	0.183097	2boz	M	G	 203 	L	 203 	0.18	0.997	0.99918	0.99918	302	302	302
2j8c	M	0.283454	2jiy	M	A	 149 	W	 149 	0.28	0.997	0.9948	0.9981	302	301	301
2j8c	M	0.244679	2jj0	M	A	 248 	W	 248 	0.24	0.997	0.99524	0.99854	302	301	301
2j8c	M	0.372348	3dta	M	N	  44 	D	  44 	0.37	0.997	0.99669	0.99669	302	302	302
2j8c	M	0.45468500000000006	3dts	M	R	 233 	L	 233 	0.45	0.997	0.9951	0.9951	302	302	302
2j8c	M	0.366712	3du3	M	A	 249 	Y	 249 	0.37	0.997	0.99678	0.99678	302	302	302
2j8c	M	0.390924	3duq	M	N	   5 	D	   5 	0.39	0.997	0.98316	0.99631	302	298	298
2j8c	M	0.42722299999999996	3v3y	M	S	   8 	T	   8 	0.43	0.997	0.99683	0.99683	302	302	302
2j8c	M	0.307813	4h99	M	I	 265 	T	 265 	0.31	0.997	0.99774	0.99774	302	302	302
2j8c	M	0.29884	4h9l	M	I	 265 	S	 265 	0.26	0.997	0.99503	0.99833	302	301	301
2j8c	M	0.22228699999999998	4hbh	M	I	 265 	N	 265 	0.22	0.997	0.99548	0.99879	302	301	301
2j8c	M	0.243196	4hbj	M	I	 265 	Q	 265 	0.24	0.997	0.99857	0.99857	302	302	302
2j8c	M	0.13278299999999998	4in5	M	L	 214 	G	 214 	0.13	0.997	0.99957	0.99957	302	302	302
2j8c	M	0.20653600000000003	4in6	M	L	 214 	A	 214 	0.21	0.997	0.99896	0.99896	302	302	302
2j8c	M	0.242204	4in7	M	L	 214 	N	 214 	0.24	0.997	0.9986	0.9986	302	302	302
2j8c	M	0.217613	4n7l	M	L	 214 	H	 214 	0.22	0.997	0.99884	0.99884	302	302	302
2ili	A	0.322617	12ca	A	V	 121 	A	 121 	0.32	0.996	0.98549	0.99705	258	255	255
2ili	A	0.38156100000000004	1cai	A	E	 106 	A	 106 	0.38	0.996	0.99693	0.99693	258	258	258
2ili	A	0.35775100000000004	1caj	A	E	 106 	D	 106 	0.36	0.996	0.99715	0.99715	258	258	258
2ili	A	0.381332	1cak	A	E	 106 	Q	 106 	0.38	0.996	0.99666	0.99666	258	258	258
2ili	A	0.344427	1cam	A	T	 199 	A	 199 	0.34	0.996	0.99735	0.99735	258	258	258
2ili	A	0.305963	1ccs	A	T	 199 	D	 199 	0.31	0.996	0.98578	0.99735	258	255	255
2ili	A	0.274287	1cct	A	T	 199 	E	 199 	0.27	0.996	0.98629	0.99787	258	255	255
2ili	A	0.282473	1ccu	A	T	 199 	H	 199 	0.28	0.996	0.98617	0.99775	258	255	255
2ili	A	0.23768000000000003	1cng	A	E	 117 	A	 117 	0.24	0.996	0.99453	0.9984	258	257	257
2ili	A	0.21873	1cnh	A	Q	  92 	E	  92 	0.22	0.996	0.99478	0.99864	258	257	257
2ili	A	0.29609800000000003	1cni	A	Q	  92 	A	  92 	0.3	0.996	0.99366	0.99752	258	257	257
2ili	A	0.285128	1cnj	A	Q	  92 	N	  92 	0.29	0.996	0.99384	0.9977	258	257	257
2ili	A	0.24813200000000002	1cnk	A	Q	  92 	L	  92 	0.25	0.996	0.9944	0.99826	258	257	257
2ili	A	0.28118699999999996	1cva	A	T	 199 	V	 199 	0.28	0.996	0.98619	0.99777	258	255	255
2ili	A	0.28826599999999997	1cvc	A	H	  94 	D	  94 	0.29	0.996	0.98607	0.99765	258	255	255
2ili	A	0.281993	1cvd	A	H	 119 	C	 119 	0.28	0.996	0.98618	0.99775	258	255	255
2ili	A	0.297104	1cve	A	H	 119 	D	 119 	0.3	0.996	0.98593	0.9975	258	255	255
2ili	A	0.292564	1cvf	A	H	  94 	A	  94 	0.29	0.996	0.986	0.99758	258	255	255
2ili	A	0.28891300000000003	1cvh	A	H	  96 	C	  96 	0.29	0.996	0.98606	0.99764	258	255	255
2ili	A	0.284196	1dcb	A	T	 199 	C	 199 	0.28	0.996	0.98614	0.99772	258	255	255
2ili	A	0.328801	1g3z	A	F	 131 	V	 131 	0.33	0.996	0.99737	0.99737	258	258	258
2ili	A	0.24082699999999999	1h9n	A	H	 119 	N	 119 	0.24	0.996	0.99449	0.99836	258	257	257
2ili	A	0.240968	1h9q	A	H	 119 	Q	 119 	0.24	0.996	0.98675	0.99834	258	255	255
2ili	A	0.303859	1hea	A	L	 198 	R	 198 	0.3	0.996	0.9897	0.99741	258	256	256
2ili	A	0.29521	1heb	A	L	 198 	E	 198 	0.3	0.996	0.98597	0.99754	258	255	255
2ili	A	0.294142	1hec	A	L	 198 	H	 198 	0.29	0.996	0.98985	0.99757	258	256	256
2ili	A	0.28571199999999997	1hed	A	L	 198 	A	 198 	0.29	0.996	0.98613	0.9977	258	255	255
2ili	A	0.20646599999999998	1moo	A	H	  64 	A	  64 	0.21	0.996	0.99106	0.99879	258	256	256
2ili	A	0.284644	1mua	A	P	 202 	A	 202 	0.28	0.996	0.99	0.99771	258	256	256
2ili	A	0.269327	1tg3	A	N	  62 	H	  62 	0.27	0.996	0.99802	0.99802	258	258	258
2ili	A	0.275629	1th9	A	N	  67 	H	  67 	0.28	0.996	0.9979	0.9979	258	258	258
2ili	A	0.317895	1uga	A	A	  65 	F	  65 	0.32	0.996	0.99736	0.99736	258	258	258
2ili	A	0.381968	1ugb	A	A	  65 	G	  65 	0.38	0.996	0.99649	0.99649	258	258	258
2ili	A	0.376801	1ugc	A	A	  65 	H	  65 	0.38	0.996	0.99643	0.99643	258	258	258
2ili	A	0.343491	1ugd	A	A	  65 	S	  65 	0.34	0.996	0.99726	0.99726	258	258	258
2ili	A	0.389786	1uge	A	A	  65 	L	  65 	0.39	0.996	0.99607	0.99607	258	258	258
2ili	A	0.344461	1ugf	A	A	  65 	T	  65 	0.34	0.996	0.99677	0.99677	258	258	258
2ili	A	0.27113000000000004	1ydc	A	L	 198 	F	 198 	0.27	0.996	0.98634	0.99792	258	255	255
2ili	A	0.22914600000000002	1zsc	A	E	 117 	Q	 117 	0.23	0.996	0.99465	0.99851	258	257	257
2ili	A	0.251381	2fnk	A	H	  64 	W	  64 	0.25	0.996	0.99833	0.99833	258	258	258
2ili	A	0.262408	2nwo	A	N	  62 	L	  62 	0.26	0.996	0.9981	0.9981	258	258	258
2ili	A	0.264386	2nwy	A	N	  67 	L	  67 	0.26	0.996	0.99805	0.99805	258	258	258
2ili	A	0.25304099999999996	2nxt	A	Y	   7 	F	   7 	0.25	0.996	0.99845	0.99845	258	258	258
2ili	A	0.341183	3dv7	A	N	  62 	A	  62 	0.34	0.996	0.99729	0.99729	258	258	258
2ili	A	0.360827	3dvb	A	N	  62 	V	  62 	0.36	0.996	0.99692	0.99692	258	258	258
2ili	A	0.337907	3dvc	A	N	  62 	T	  62 	0.34	0.996	0.99732	0.99732	258	258	258
2ili	A	0.340901	3dvd	A	N	  62 	D	  62 	0.34	0.996	0.9973	0.9973	258	258	258
2ili	A	0.499489	3m2z	A	H	  64 	C	  64 	0.44	0.996	0.99249	0.99635	258	257	257
2ili	A	0.405091	3mnh	A	K	 170 	A	 170 	0.41	0.996	0.9968	0.9968	258	258	258
2ili	A	0.403806	3mni	A	K	 170 	D	 170 	0.4	0.996	0.99678	0.99678	258	258	258
2ili	A	0.41471800000000003	3mnj	A	K	 170 	E	 170 	0.41	0.996	0.99668	0.99668	258	258	258
2ili	A	0.407264	3mnk	A	K	 170 	H	 170 	0.41	0.996	0.99676	0.99676	258	258	258
2ili	A	0.33832399999999996	3rge	A	W	   5 	H	   5 	0.26	0.996	0.99032	0.99804	258	256	256
2ili	A	1.9319509999999998	3rld	A	H		-		0.67	0.988	0.97321	0.97698	258	257	253
2ili	A	0.272108	3tvn	X	N	  67 	Q	  67 	0.27	0.996	0.99806	0.99806	258	258	258
2ili	A	0.177834	3u45	X	V	 143 	A	 143 	0.18	0.996	0.99524	0.99911	258	257	257
2ili	A	0.166631	3u47	A	V	 143 	L	 143 	0.17	0.996	0.99535	0.99922	258	257	257
2ili	A	0.44153400000000004	3u7c	A	V	 143 	I	 143 	0.44	0.996	0.99674	0.99674	258	258	258
2ili	A	0.355118	4jsw	A	H	  94 	C	  94 	0.36	0.996	0.9926	0.99645	258	257	257
2ili	A	0.121279	4l5u	A	F	 226 	I	 226 	0.12	0.996	0.99571	0.99958	258	257	257
2ili	A	0.10757	4l5v	A	F	 226 	L	 226 	0.11	0.996	0.9958	0.99967	258	257	257
2ili	A	0.7539	4qk1	A	K	 170 	P	 170 	0.75	0.996	0.98352	0.98731	258	257	257
2ili	A	0.25213	4qk2	A	E	 234 	P	 234 	0.25	0.996	0.99842	0.99842	258	258	258
2ili	A	0.478761	4ygj	A	K	   9 	G	   9 	0.48	0.996	0.99674	0.99674	258	258	258
2ili	A	0.297699	5ca2	A	T	 200 	S	 200 	0.3	0.996	0.98592	0.99749	258	255	255
2ili	A	0.298902	6ca2	A	V	 143 	F	 143 	0.3	0.996	0.98591	0.99748	258	255	255
2ili	A	0.323525	7ca2	A	V	 143 	G	 143 	0.32	0.996	0.98549	0.99705	258	255	255
2ili	A	0.29984099999999997	8ca2	A	V	 143 	H	 143 	0.3	0.996	0.98588	0.99745	258	255	255
2ili	A	0.30876	9ca2	A	V	 143 	Y	 143 	0.31	0.996	0.98573	0.9973	258	255	255
2dek	A	0.183306	2dsg	A	K	  26 	R	  26 	0.18	0.996	0.99907	0.99907	265	265	265
2dek	A	0.189559	2dsh	A	K	  26 	Y	  26 	0.19	0.996	0.99901	0.99901	265	265	265
2dek	A	0.24797600000000003	2dsi	A	E	 171 	R	 171 	0.25	0.996	0.99831	0.99831	265	265	265
2dek	A	0.12311199999999999	2dv3	A	L	  65 	R	  65 	0.12	0.996	0.99958	0.99958	265	265	265
2dek	A	0.188907	2dv4	A	L	  65 	Q	  65 	0.19	0.996	0.99901	0.99901	265	265	265
2dek	A	0.21219200000000002	2dv5	A	L	  65 	A	  65 	0.21	0.996	0.99876	0.99876	265	265	265
2dek	A	0.230452	2dv7	A	K	 187 	R	 187 	0.23	0.996	0.99854	0.99854	265	265	265
2dek	A	0.15467999999999998	2dxv	A	E	  54 	H	  54 	0.15	0.996	0.99934	0.99934	265	265	265
2dek	A	0.149526	2dxw	A	E	  54 	K	  54 	0.15	0.996	0.99938	0.99938	265	265	265
2dek	A	0.200344	2dxx	A	N	 142 	E	 142 	0.2	0.996	0.9989	0.9989	265	265	265
2dek	A	0.179569	2e07	A	D	  79 	E	  79 	0.18	0.996	0.99911	0.99911	265	265	265
2dek	A	0.167312	2e08	A	E	 140 	K	 140 	0.17	0.996	0.99923	0.99923	265	265	265
2dek	A	0.164903	2e15	A	R	 173 	N	 173 	0.16	0.996	0.99925	0.99925	265	265	265
2dek	A	0.166999	2e16	A	E	 140 	R	 140 	0.17	0.996	0.99923	0.99923	265	265	265
2dek	A	0.146733	2e17	A	R	 173 	A	 173 	0.15	0.996	0.99941	0.99941	265	265	265
2dek	A	0.326875	2e4n	A	V	 251 	M	 251 	0.3	0.996	0.99391	0.99766	265	264	264
2dek	A	0.172194	2e4r	A	I	 253 	M	 253 	0.17	0.996	0.99918	0.99918	265	265	265
2dek	A	0.162916	2e7r	A	E	  54 	R	  54 	0.16	0.996	0.99927	0.99927	265	265	265
2dek	A	0.156211	2e8h	A	L	 164 	M	 164 	0.16	0.996	0.99933	0.99933	265	265	265
2dek	A	0.210565	2e8q	A	K	  19 	M	  19 	0.21	0.996	0.99878	0.99878	265	265	265
2dek	A	0.109617	2e8r	A	K	  25 	M	  25 	0.11	0.996	0.99967	0.99967	265	265	265
2dek	A	0.127702	2e8s	A	T	 135 	M	 135 	0.13	0.996	0.99955	0.99955	265	265	265
2dek	A	0.418617	2ed3	A	I	 127 	M	 127 	0.42	0.996	0.99572	0.99572	265	265	265
2dek	A	0.20664200000000002	2ed5	A	S	 147 	M	 147 	0.21	0.996	0.99883	0.99883	265	265	265
2dek	A	1.0076180000000001	2ed5	B	S	 147 	M	 147 	1.01	0.996	0.97697	0.97697	265	265	265
2dek	A	0.185676	2eeq	A	Y	  29 	M	  29 	0.19	0.996	0.99905	0.99905	265	265	265
2dek	A	0.141752	2egb	A	E	 140 	N	 140 	0.14	0.996	0.99945	0.99945	265	265	265
2dek	A	0.168871	2egl	A	E	 171 	K	 171 	0.17	0.996	0.99921	0.99921	265	265	265
2dek	A	0.190108	2egs	A	L	 261 	M	 261 	0.19	0.996	0.999	0.999	265	265	265
2dek	A	0.29707	2eh2	A	V	  18 	M	  18 	0.3	0.996	0.99759	0.99759	265	265	265
2dek	A	0.150427	2eh4	A	T	 146 	M	 146 	0.15	0.996	0.99938	0.99938	265	265	265
2dek	A	0.209707	2eh5	A	L	 184 	M	 184 	0.21	0.996	0.99879	0.99879	265	265	265
2dek	A	0.145741	2ehc	A	N	  69 	K	  69 	0.15	0.996	0.99941	0.99941	265	265	265
2dek	A	0.270268	2ehl	A	T	 146 	R	 146 	0.27	0.996	0.99801	0.99801	265	265	265
2dek	A	0.301169	2ejj	A	K	 129 	M	 129 	0.3	0.996	0.99751	0.99751	265	265	265
2dek	A	0.21597800000000003	2ejk	A	L	  38 	M	  38 	0.22	0.996	0.99872	0.99872	265	265	265
2dek	A	0.526541	2ejz	A	Y	  11 	M	  11 	0.53	0.996	0.99463	0.99463	265	265	265
2dek	A	0.33924299999999996	2ek2	A	E	 140 	M	 140 	0.34	0.996	0.99687	0.99687	265	265	265
2dek	A	0.137543	2ek4	A	L	   8 	M	   8 	0.14	0.996	0.99948	0.99948	265	265	265
2dek	A	0.145276	2ek7	A	L	 163 	M	 163 	0.15	0.996	0.99942	0.99942	265	265	265
2dek	A	0.242488	2eka	A	L	 202 	M	 202 	0.24	0.996	0.99839	0.99839	265	265	265
2dek	A	0.167625	2el0	A	L	  21 	M	  21 	0.17	0.996	0.99923	0.99923	265	265	265
2dek	A	0.154724	2el1	A	L	  44 	M	  44 	0.15	0.996	0.99934	0.99934	265	265	265
2dek	A	0.171525	2el2	A	L	 185 	M	 185 	0.17	0.996	0.99919	0.99919	265	265	265
2dek	A	0.17614200000000002	2el3	A	L	 242 	M	 242 	0.18	0.996	0.99914	0.99914	265	265	265
2dek	A	0.187096	2eld	A	L	 160 	M	 160 	0.19	0.996	0.99903	0.99903	265	265	265
2dek	A	0.152321	2ele	A	V	  18 	C	  18 	0.15	0.996	0.99936	0.99936	265	265	265
2dek	A	0.168028	2emr	A	L	  65 	M	  65 	0.17	0.996	0.99922	0.99922	265	265	265
2dek	A	0.199596	2emu	A	L	  21 	H	  21 	0.2	0.996	0.9989	0.9989	265	265	265
2dek	A	0.145978	2en5	A	R	 262 	H	 262 	0.15	0.996	0.99941	0.99941	265	265	265
2dek	A	0.175598	2eni	A	F	 197 	M	 197 	0.18	0.996	0.99915	0.99915	265	265	265
2dek	A	0.56048	2hut	A	L	  72 	M	  72 	0.21	0.996	0.9875	0.99879	265	262	262
2dek	A	0.563055	2huv	A	A	 101 	M	 101 	0.56	0.996	0.99427	0.99427	265	265	265
2dek	A	0.19326	2owg	A	I	 260 	M	 260 	0.19	0.996	0.99897	0.99897	265	265	265
2dek	A	0.178669	2owk	A	L	 125 	M	 125 	0.18	0.996	0.99912	0.99912	265	265	265
2dek	A	0.203517	2owu	A	H	 126 	M	 126 	0.2	0.996	0.99887	0.99887	265	265	265
2dek	A	0.320806	2owv	A	Y	 148 	M	 148 	0.32	0.996	0.99721	0.99721	265	265	265
2dek	A	0.299966	2p2x	A	Y	 128 	M	 128 	0.3	0.996	0.99754	0.99754	265	265	265
2dek	A	0.17247300000000002	2p5c	A	L	  89 	M	  89 	0.17	0.996	0.99918	0.99918	265	265	265
2dek	A	0.957374	2p5c	B	L	  89 	M	  89 	0.96	0.996	0.97946	0.97946	265	265	265
2dek	A	0.19949	2p5f	A	A	 134 	M	 134 	0.2	0.996	0.9989	0.9989	265	265	265
2dek	A	0.176983	2p6d	A	E	  22 	M	  22 	0.18	0.996	0.99914	0.99914	265	265	265
2dek	A	0.914868	2p6d	B	E	  22 	M	  22 	0.91	0.996	0.98164	0.98164	265	265	265
2dek	A	0.160725	2p6i	A	E	 259 	M	 259 	0.16	0.996	0.99929	0.99929	265	265	265
2dek	A	0.171572	2p6k	A	A	 137 	M	 137 	0.17	0.996	0.99919	0.99919	265	265	265
2dek	A	0.143976	2p6l	A	Y	 220 	M	 220 	0.14	0.996	0.99943	0.99943	265	265	265
2dek	A	0.137218	2p9d	A	L	  58 	M	  58 	0.14	0.996	0.99948	0.99948	265	265	265
2dek	A	0.169018	2pb4	A	K	 132 	M	 132 	0.17	0.996	0.99921	0.99921	265	265	265
2dek	A	0.178873	2pb5	A	L	  74 	M	  74 	0.18	0.996	0.99912	0.99912	265	265	265
2dek	A	0.16133599999999998	2pb6	A	Y	 220 	C	 220 	0.16	0.996	0.99928	0.99928	265	265	265
2dek	A	0.14826199999999998	2pca	A	L	  83 	M	  83 	0.15	0.996	0.99939	0.99939	265	265	265
2dek	A	0.155782	2pcg	A	L	 212 	M	 212 	0.16	0.996	0.99933	0.99933	265	265	265
2dek	A	0.15539	2pch	A	I	  23 	C	  23 	0.16	0.996	0.99933	0.99933	265	265	265
2dek	A	0.297219	2pci	A	H	 243 	M	 243 	0.3	0.996	0.99758	0.99758	265	265	265
2dek	A	0.349583	2pck	A	R	 258 	M	 258 	0.29	0.996	0.9939	0.99766	265	264	264
2dek	A	0.188023	2pcm	A	L	  50 	M	  50 	0.19	0.996	0.99902	0.99902	265	265	265
2dek	A	0.319576	2z6r	A	K	  49 	R	  49 	0.32	0.996	0.99348	0.99723	265	264	264
5dei	A	0.30139099999999996	133l	A	H		-		5.08	0.047	0.12596	0.35924	524	130	86
5dei	A	0.481976	134l	A	G		-		5.39	0.091	0.12504	0.3493	524	130	88
5dei	A	0.235585	1b5u	A	F		-		5.42	0.045	0.1249	0.35079	524	130	88
5dei	A	0.270879	1b5v	A	R		-		5.37	0.069	0.12305	0.34756	524	130	87
5dei	A	0.295194	1b5w	A	L		-		5.39	0.149	0.12347	0.34633	524	130	87
5dei	A	0.280402	1b5x	A	R		-		5.42	0.057	0.12229	0.34257	524	130	87
5dei	A	0.27806	1b5y	A	R		-		5.21	0.058	0.12352	0.34715	524	130	86
5dei	A	0.434332	1pi3	A	E	  29 	Q	  28 	0.4	0.998	0.99573	0.99763	524	523	523
5dei	A	0.42548800000000003	1po7	A	E	  29 	A	  28 	0.43	0.998	0.99742	0.99742	524	524	524
5dei	A	0.348775	4gg1	A	L	 404 	T	 403 	0.31	0.998	0.99851	0.99662	524	525	524
5dei	A	0.35290900000000003	4gm0	A	L	 404 	N	 403 	0.32	0.998	0.99849	0.99659	524	525	524
5dei	A	0.42726099999999995	4gm1	A	L	 404 	S	 403 	0.39	0.998	0.99773	0.99584	524	525	524
5dei	A	0.42739499999999997	4gm4	A	L	 404 	I	 403 	0.4	0.998	0.99772	0.99582	524	525	524
5dei	A	0.42513199999999995	4gp9	A	L	 404 	F	 403 	0.39	0.998	0.99775	0.99585	524	525	524
5dei	A	0.346517	4gpe	A	L	 404 	M	 403 	0.31	0.998	0.99854	0.99664	524	525	524
5dei	A	0.338089	4jd5	A	L	 404 	E	 403 	0.3	0.998	0.99865	0.99675	524	525	524
5dei	A	0.408396	4ju8	A	H	  71 	F	  70 	0.38	0.998	0.99791	0.99601	524	525	524
5dei	A	0.344281	4ju9	A	H	  71 	L	  70 	0.34	0.998	0.99823	0.99823	524	524	524
5dei	A	0.377387	4jua	A	H	  71 	S	  70 	0.34	0.998	0.99824	0.99634	524	525	524
5dei	A	0.409231	4jud	X	S	  27 	T	  26 	0.38	0.998	0.9979	0.996	524	525	524
5dei	A	0.359031	4k9k	A	H	 282 	Y	 281 	0.36	0.998	0.99809	0.99809	524	524	524
5dei	A	0.382875	4k9l	A	H	 282 	T	 281 	0.38	0.998	0.99213	0.99593	524	522	521
5dei	A	0.42003100000000004	4k9m	A	H	 282 	N	 281 	0.39	0.998	0.9959	0.9978	524	523	523
5dei	A	0.433407	4mpr	A	R	 142 	E	 141 	0.4	0.998	0.99766	0.99577	524	525	524
5dei	A	0.37961300000000003	4mq5	A	A	 307 	F	 306 	0.38	0.998	0.99788	0.99788	524	524	524
5dei	A	0.349501	5dgt	A	H	  71 	A	  70 	0.35	0.998	0.99817	0.99817	524	524	524
1lw9	A	0.489054	107l	A	S	  44 	G	  44 	0.28	0.994	0.9844	0.99651	164	162	162
1lw9	A	0.478059	108l	A	S	  44 	I	  44 	0.27	0.994	0.98464	0.99675	164	162	162
1lw9	A	0.49526800000000004	109l	A	S	  44 	K	  44 	0.3	0.994	0.98384	0.99594	164	162	162
1lw9	A	0.484142	110l	A	S	  44 	L	  44 	0.28	0.994	0.98449	0.99661	164	162	162
1lw9	A	0.493637	111l	A	S	  44 	N	  44 	0.29	0.994	0.98417	0.99627	164	162	162
1lw9	A	0.508821	112l	A	S	  44 	P	  44 	0.31	0.994	0.98369	0.99578	164	162	162
1lw9	A	0.530193	113l	A	S	  44 	R	  44 	0.35	0.994	0.98265	0.99472	164	162	162
1lw9	A	0.46861899999999995	114l	A	S	  44 	T	  44 	0.25	0.994	0.98501	0.99714	164	162	162
1lw9	A	0.469466	115l	A	S	  44 	V	  44 	0.25	0.994	0.9852	0.99733	164	162	162
1lw9	A	0.46398999999999996	118l	A	A	 130 	S	 130 	0.25	0.994	0.98505	0.99717	164	162	162
1lw9	A	0.49728999999999995	119l	A	A	 134 	S	 134 	0.32	0.994	0.98346	0.99555	164	162	162
1lw9	A	0.51564	120l	A	A	  41 	S	  41 	0.33	0.994	0.98318	0.99526	164	162	162
1lw9	A	0.466372	122l	A	A	  73 	S	  73 	0.25	0.994	0.98503	0.99716	164	162	162
1lw9	A	0.46235600000000004	123l	A	A	  82 	S	  82 	0.26	0.994	0.98492	0.99704	164	162	162
1lw9	A	0.460668	125l	A	A	  98 	S	  98 	0.25	0.994	0.98511	0.99723	164	162	162
1lw9	A	0.44760200000000006	126l	A	V	 149 	T	 149 	0.24	0.994	0.98523	0.99736	164	162	162
1lw9	A	0.48601000000000005	127l	A	V	  75 	T	  75 	0.28	0.994	0.98437	0.99648	164	162	162
1lw9	A	0.520536	128l	A	V	  87 	T	  87 	0.33	0.994	0.98303	0.9951	164	162	162
1lw9	A	0.478695	129l	A	A	  93 	T	  93 	0.27	0.994	0.98465	0.99676	164	162	162
1lw9	A	0.479088	130l	A	T	 151 	S	 151 	0.28	0.994	0.98446	0.99657	164	162	162
1lw9	A	0.480918	131l	A	T	  26 	S	  26 	0.27	0.994	0.98461	0.99672	164	162	162
1lw9	A	0.44968500000000006	138l	A	A	  93 	C	  93 	0.25	0.994	0.98515	0.99728	164	162	162
1lw9	A	0.454042	160l	A	M	 120 	A	 120 	0.27	0.994	0.98459	0.99671	164	162	162
1lw9	A	0.472603	161l	A	N	 116 	A	 116 	0.3	0.994	0.98401	0.99611	164	162	162
1lw9	A	0.462679	162l	A	Q	 122 	A	 122 	0.25	0.994	0.98509	0.99722	164	162	162
1lw9	A	0.47190200000000004	163l	A	Q	 123 	A	 123 	0.25	0.994	0.98503	0.99716	164	162	162
1lw9	A	0.457275	164l	A	R	 119 	A	 119 	0.26	0.994	0.98491	0.99704	164	162	162
1lw9	A	0.49861000000000005	165l	A	S	 117 	A	 117 	0.3	0.994	0.98397	0.99607	164	162	162
1lw9	A	0.48367200000000005	166l	A	T	 115 	A	 115 	0.3	0.994	0.9839	0.996	164	162	162
1lw9	A	0.703092	171l	A	E	  45 	A	  45 	0.58	0.994	0.97359	0.98543	164	162	162
1lw9	A	0.5080210000000001	195l	A	A	 129 	L	 129 	0.3	0.994	0.98387	0.99597	164	162	162
1lw9	A	0.536181	196l	A	A	 129 	M	 129 	0.34	0.994	0.98282	0.99489	164	162	162
1lw9	A	0.46561499999999995	1c61	A	F	 153 	A	 153 	0.29	0.994	0.98426	0.99637	164	162	162
1lw9	A	0.527304	1ctw	A	I	  78 	A	  78 	0.37	0.994	0.98199	0.99405	164	162	162
1lw9	A	0.499166	1cu0	A	I	  78 	M	  78 	0.33	0.994	0.98311	0.99518	164	162	162
1lw9	A	0.492804	1cu2	A	L	  84 	M	  84 	0.29	0.994	0.98421	0.99631	164	162	162
1lw9	A	0.524079	1cu3	A	V	  87 	M	  87 	0.34	0.994	0.98276	0.99483	164	162	162
1lw9	A	0.47951099999999997	1cu5	A	L	  91 	M	  91 	0.26	0.994	0.98482	0.99694	164	162	162
1lw9	A	0.47290600000000005	1cu6	A	L	  91 	A	  91 	0.26	0.994	0.98497	0.9971	164	162	162
1lw9	A	0.48700200000000005	1cup	A	I	 100 	M	 100 	0.27	0.994	0.98464	0.99675	164	162	162
1lw9	A	0.568826	1cuq	A	V	 103 	M	 103 	0.41	0.994	0.98104	0.99307	164	162	162
1lw9	A	0.46096499999999996	1cv0	A	F	 104 	M	 104 	0.26	0.994	0.98497	0.99709	164	162	162
1lw9	A	0.653031	1cv1	A	V	 111 	M	 111 	0.5	0.994	0.97865	0.99063	164	162	162
1lw9	A	0.45611899999999994	1cv3	A	L	 121 	M	 121 	0.26	0.994	0.98483	0.99695	164	162	162
1lw9	A	0.475463	1cv4	A	L	 118 	M	 118 	0.28	0.994	0.9845	0.99661	164	162	162
1lw9	A	0.49263599999999996	1cv5	A	L	 133 	M	 133 	0.31	0.994	0.98364	0.99573	164	162	162
1lw9	A	0.48604200000000003	1cv6	A	V	 149 	M	 149 	0.3	0.994	0.984	0.9961	164	162	162
1lw9	A	0.475554	1cvk	A	L	 118 	A	 118 	0.29	0.994	0.9841	0.9962	164	162	162
1lw9	A	0.479282	1d2w	A	I	  27 	M	  27 	0.27	0.994	0.98461	0.99672	164	162	162
1lw9	A	0.483929	1d2y	A	I	  50 	M	  50 	0.28	0.994	0.98448	0.99659	164	162	162
1lw9	A	0.46294399999999997	1d3f	A	I	  58 	M	  58 	0.25	0.994	0.98511	0.99724	164	162	162
1lw9	A	0.471746	1d3j	A	L	  66 	M	  66 	0.26	0.994	0.985	0.99712	164	162	162
1lw9	A	0.24332800000000002	1g06	A	V	 149 	S	 149 	0.24	0.994	0.99743	0.99743	164	164	164
1lw9	A	0.45416599999999996	1g07	A	V	 149 	C	 149 	0.23	0.994	0.98557	0.99771	164	162	162
1lw9	A	0.457244	1g0g	A	T	 152 	A	 152 	0.24	0.994	0.98523	0.99736	164	162	162
1lw9	A	0.270355	1g0j	A	T	 152 	S	 152 	0.27	0.994	0.99683	0.99683	164	164	164
1lw9	A	0.257353	1g0k	A	T	 152 	C	 152 	0.26	0.994	0.99712	0.99712	164	164	164
1lw9	A	0.270142	1g0l	A	T	 152 	V	 152 	0.27	0.994	0.99685	0.99685	164	164	164
1lw9	A	0.48574300000000004	1g0m	A	T	 152 	I	 152 	0.29	0.994	0.98432	0.99643	164	162	162
1lw9	A	0.26516100000000004	1g0p	A	V	 149 	G	 149 	0.27	0.994	0.99694	0.99694	164	164	164
1lw9	A	0.277968	1g0q	A	V	 149 	I	 149 	0.28	0.994	0.99665	0.99665	164	164	164
1lw9	A	0.48262299999999997	1g1v	A	I	  58 	T	  58 	0.28	0.994	0.98436	0.99647	164	162	162
1lw9	A	0.472142	1g1w	A	Q	 105 	M	 105 	0.27	0.994	0.98457	0.99668	164	162	162
1lw9	A	0.47744899999999996	1i6s	A	N	 101 	A	 101 	0.28	0.994	0.98444	0.99655	164	162	162
1lw9	A	0.347439	1l39	A	N	 144 	E	 144 	0.35	0.994	0.99499	0.99499	164	164	164
1lw9	A	0.330861	1l54	A	M	 102 	K	 102 	0.33	0.994	0.99547	0.99547	164	164	164
1lw9	A	0.502337	1l55	A	D	  92 	N	  92 	0.3	0.994	0.98405	0.99616	164	162	162
1lw9	A	0.47388199999999997	1l59	A	T	 109 	N	 109 	0.26	0.994	0.98479	0.99691	164	162	162
1lw9	A	0.48088000000000003	1l61	A	S	  38 	N	  38 	0.27	0.994	0.98457	0.99669	164	162	162
1lw9	A	0.47206800000000004	1l62	A	T	 109 	D	 109 	0.27	0.994	0.98478	0.9969	164	162	162
1lw9	A	0.48027700000000006	1l65	A	D	  47 	A	  47 	0.26	0.994	0.98493	0.99705	164	162	162
1lw9	A	0.471454	1l66	A	K	  43 	A	  43 	0.25	0.994	0.98517	0.9973	164	162	162
1lw9	A	0.46773100000000006	1l67	A	L	  46 	A	  46 	0.24	0.994	0.98534	0.99748	164	162	162
1lw9	A	0.454521	1l68	A	S	  44 	A	  44 	0.24	0.994	0.98534	0.99747	164	162	162
1lw9	A	0.5885859999999999	1l76	A	D	  72 	P	  72 	0.43	0.994	0.98004	0.99204	164	162	162
1lw9	A	0.47968500000000003	1l77	A	M	 102 	L	 102 	0.27	0.994	0.9847	0.99682	164	162	162
1lw9	A	0.48481199999999997	1l83	A	L	  99 	A	  99 	0.27	0.994	0.98466	0.99678	164	162	162
1lw9	A	0.5254939999999999	1l86	A	F	 153 	I	 153 	0.33	0.994	0.98323	0.99531	164	162	162
1lw9	A	0.48606499999999997	1l87	A	F	 153 	L	 153 	0.26	0.994	0.98491	0.99703	164	162	162
1lw9	A	0.479652	1l88	A	F	 153 	M	 153 	0.27	0.994	0.98466	0.99678	164	162	162
1lw9	A	0.525433	1l91	A	L	  99 	F	  99 	0.34	0.994	0.98292	0.995	164	162	162
1lw9	A	0.49776499999999996	1l92	A	L	  99 	I	  99 	0.3	0.994	0.98384	0.99593	164	162	162
1lw9	A	0.488175	1l93	A	L	  99 	M	  99 	0.28	0.994	0.98434	0.99645	164	162	162
1lw9	A	0.498341	1l94	A	L	  99 	V	  99 	0.31	0.994	0.98379	0.99588	164	162	162
1lw9	A	0.535225	1l95	A	F	 153 	V	 153 	0.35	0.994	0.98266	0.99472	164	162	162
1lw9	A	0.474342	1llh	A	T	 157 	I	 157 	0.28	0.994	0.98446	0.99657	164	162	162
1lw9	A	0.47367299999999996	1lye	A	T	  59 	V	  59 	0.27	0.994	0.98477	0.99689	164	162	162
1lw9	A	0.484515	1lyf	A	T	  59 	S	  59 	0.28	0.994	0.98449	0.9966	164	162	162
1lw9	A	0.484216	1lyg	A	T	  59 	N	  59 	0.28	0.994	0.98449	0.9966	164	162	162
1lw9	A	0.47665	1lyh	A	T	  59 	G	  59 	0.27	0.994	0.98467	0.99679	164	162	162
1lw9	A	0.473304	1lyi	A	T	  59 	D	  59 	0.26	0.994	0.98494	0.99707	164	162	162
1lw9	A	0.47086999999999996	1lyj	A	T	  59 	A	  59 	0.27	0.994	0.98477	0.99689	164	162	162
1lw9	A	0.155937	1p2l	A	V	  87 	I	  87 	0.16	0.994	0.99894	0.99894	164	164	164
1lw9	A	0.144511	1p2r	A	I	  78 	V	  78 	0.14	0.994	0.9991	0.9991	164	164	164
1lw9	A	0.167899	1p36	A	I	 100 	V	 100 	0.17	0.994	0.99877	0.99877	164	164	164
1lw9	A	0.301879	1p46	A	M	 106 	I	 106 	0.3	0.994	0.99609	0.99609	164	164	164
1lw9	A	0.24700100000000003	1p64	A	L	 133 	F	 133 	0.25	0.994	0.99736	0.99736	164	164	164
1lw9	A	0.131331	1p6y	A	M	 120 	Y	 120 	0.13	0.994	0.99925	0.99925	164	164	164
1lw9	A	2.1022540000000003	1p7s	A	V	 103 	I	 103 	2.1	0.994	0.85695	0.85695	164	164	164
1lw9	A	0.22836599999999999	1pqo	A	L	 118 	I	 118 	0.23	0.994	0.99775	0.99775	164	164	164
1lw9	A	0.47934799999999994	1qsq	A	M	 106 	A	 106 	0.26	0.994	0.9848	0.99693	164	162	162
1lw9	A	0.264129	1qt3	A	T	  26 	D	  26 	0.26	0.994	0.99697	0.99697	164	164	164
1lw9	A	0.304631	1qt4	A	T	  26 	Q	  26 	0.3	0.994	0.99597	0.99597	164	164	164
1lw9	A	0.267311	1qt5	A	D	  20 	E	  20 	0.27	0.994	0.99691	0.99691	164	164	164
1lw9	A	0.28270700000000004	1qt6	A	E	  11 	H	  11 	0.28	0.994	0.99654	0.99654	164	164	164
1lw9	A	0.272954	1qt7	A	E	  11 	N	  11 	0.27	0.994	0.99677	0.99677	164	164	164
1lw9	A	0.343431	1qt8	A	T	  26 	H	  26 	0.34	0.994	0.99489	0.99489	164	164	164
1lw9	A	0.263408	1qtz	A	D	  20 	C	  20 	0.26	0.994	0.99699	0.99699	164	164	164
1lw9	A	0.529643	1tla	A	S	 117 	F	 117 	0.33	0.994	0.98309	0.99517	164	162	162
1lw9	A	0.19708499999999998	1zur	A	V	 131 	C	 131 	0.2	0.994	0.99831	0.99831	164	164	164
1lw9	A	0.152112	1zyt	A	A	  82 	C	  82 	0.15	0.994	0.999	0.999	164	164	164
1lw9	A	0.5223909999999999	200l	A	L	 121 	A	 121 	0.33	0.994	0.98314	0.99522	164	162	162
1lw9	A	0.46327799999999997	206l	A	A	  42 	S	  42 	0.25	0.994	0.98502	0.99714	164	162	162
1lw9	A	0.522428	217l	A	S	  44 	E	  44 	0.35	0.994	0.98262	0.99468	164	162	162
1lw9	A	0.479818	220l	A	M	 102 	A	 102 	0.27	0.994	0.98462	0.99673	164	162	162
1lw9	A	0.48500299999999996	221l	A	A	  49 	S	  49 	0.28	0.994	0.98438	0.99649	164	162	162
1lw9	A	0.48701099999999997	224l	A	A	  93 	S	  93 	0.28	0.994	0.98452	0.99664	164	162	162
1lw9	A	0.481152	228l	A	F	 104 	A	 104 	0.28	0.994	0.98455	0.99667	164	162	162
1lw9	A	0.46378100000000005	229l	A	R	  95 	A	  95 	0.28	0.994	0.98448	0.99659	164	162	162
1lw9	A	0.30839099999999997	230l	A	M	   6 	L	   6 	0.31	0.994	0.99589	0.99589	164	164	164
1lw9	A	0.47972700000000007	231l	A	M	 106 	K	 106 	0.25	0.994	0.98505	0.99718	164	162	162
1lw9	A	0.458395	232l	A	M	 120 	K	 120 	0.26	0.994	0.98491	0.99703	164	162	162
1lw9	A	0.460286	233l	A	M	 120 	L	 120 	0.24	0.994	0.9853	0.99743	164	162	162
1lw9	A	0.45936499999999997	234l	A	M	 106 	L	 106 	0.25	0.994	0.98518	0.99731	164	162	162
1lw9	A	0.460024	235l	A	V	 111 	A	 111 	0.26	0.994	0.98495	0.99708	164	162	162
1lw9	A	0.482529	236l	A	V	  87 	A	  87 	0.27	0.994	0.98474	0.99686	164	162	162
1lw9	A	0.250652	237l	A	V	 149 	A	 149 	0.25	0.994	0.99727	0.99727	164	164	164
1lw9	A	0.48447799999999996	238l	A	V	 103 	A	 103 	0.26	0.994	0.98492	0.99705	164	162	162
1lw9	A	0.494496	239l	A	I	  17 	A	  17 	0.3	0.994	0.98386	0.99596	164	162	162
1lw9	A	0.46070500000000003	240l	A	I	  27 	A	  27 	0.24	0.994	0.98522	0.99735	164	162	162
1lw9	A	0.5176430000000001	241l	A	I	  29 	A	  29 	0.35	0.994	0.9825	0.99457	164	162	162
1lw9	A	0.28274499999999997	242l	A	I	  50 	A	  50 	0.28	0.994	0.99654	0.99654	164	164	164
1lw9	A	0.465261	243l	A	I	  58 	A	  58 	0.27	0.994	0.98474	0.99686	164	162	162
1lw9	A	0.485943	244l	A	I	 100 	A	 100 	0.27	0.994	0.98474	0.99686	164	162	162
1lw9	A	0.24648499999999998	245l	A	M	   6 	A	   6 	0.25	0.994	0.99736	0.99736	164	164	164
1lw9	A	0.338608	246l	A	F	  67 	A	  67 	0.34	0.994	0.99504	0.99504	164	164	164
1lw9	A	0.457308	247l	A	L	  84 	A	  84 	0.46	0.994	0.99194	0.99194	164	164	164
1lw9	A	0.282565	253l	A	D	  20 	A	  20 	0.28	0.994	0.99653	0.99653	164	164	164
1lw9	A	0.26508899999999996	254l	A	D	  20 	S	  20 	0.27	0.994	0.99695	0.99695	164	164	164
1lw9	A	0.263407	255l	A	D	  20 	N	  20 	0.26	0.994	0.99699	0.99699	164	164	164
1lw9	A	0.581925	2hul	A	S	  44 	C	  44 	0.58	0.994	0.98593	0.98593	164	164	164
1lw9	A	0.62475	2l78	A	V	 111 	I	 111 	0.48	0.994	0.97936	0.99136	164	162	162
1lw9	A	0.157917	2ntg	A	T	 115 	C	 115 	0.16	0.994	0.99892	0.99892	164	164	164
1lw9	A	0.8546030000000001	2nth	A	L	 118 	C	 118 	0.85	0.994	0.98451	0.98451	164	164	164
1lw9	A	0.26711	2q9d	A	A	  41 	C	  41 	0.27	0.994	0.99702	0.99702	164	164	164
1lw9	A	0.434179	3g3x	A	T	 151 	C	 151 	0.2	0.994	0.9862	0.99836	164	162	162
1ey0	A	0.12230799999999999	1ey4	A	S	  59 	A	  59 	0.12	0.993	0.99921	0.99921	136	136	136
1ey0	A	0.44025699999999995	1ey5	A	T	  33 	V	  33 	0.44	0.993	0.98546	0.99272	136	135	135
1ey0	A	0.557008	1ey6	A	T	  41 	I	  41 	0.56	0.993	0.98306	0.99029	136	135	135
1ey0	A	0.41218999999999995	1ey7	A	S	 128 	A	 128 	0.41	0.993	0.98599	0.99325	136	135	135
1ey0	A	0.674666	1nuc	A	V		-		0.68	1.0	0.96889	0.98316	136	134	134
1ey0	A	0.96585	1snm	A	E	  43 	D	  43 	0.97	0.993	0.96746	0.97451	136	135	135
1ey0	A	0.16964100000000001	1sno	A	H	 124 	L	 124 	0.17	0.993	0.99848	0.99848	136	136	136
1ey0	A	0.769911	1syd	A	P	 117 	G	 117 	0.77	0.993	0.9792	0.9792	136	136	136
1ey0	A	0.5515180000000001	1sye	A	P	 117 	T	 117 	0.55	0.993	0.98786	0.98786	136	136	136
1ey0	A	0.5408189999999999	1syg	A	P	 117 	A	 117 	0.54	0.993	0.98858	0.98858	136	136	136
1ey0	A	0.46916800000000003	2exz	A	T	  22 	C	  22 	0.47	0.993	0.98573	0.993	136	135	135
1ey0	A	0.16883900000000002	2ey1	A	T	  22 	V	  22 	0.17	0.993	0.9985	0.9985	136	136	136
1ey0	A	0.182472	2ey2	A	T	  41 	C	  41 	0.18	0.993	0.99825	0.99825	136	136	136
1ey0	A	0.446204	2ey5	A	T	  41 	S	  41 	0.45	0.993	0.98593	0.9932	136	135	135
1ey0	A	0.334339	2ey6	A	T	  41 	V	  41 	0.33	0.993	0.98744	0.99472	136	135	135
1ey0	A	0.604705	2eyf	A	T	  44 	V	  44 	0.6	0.993	0.98061	0.98781	136	135	135
1ey0	A	0.5098159999999999	2eyh	A	T	  62 	S	  62 	0.51	0.993	0.98488	0.99214	136	135	135
1ey0	A	0.160097	2eyj	A	T	  62 	V	  62 	0.16	0.993	0.99864	0.99864	136	136	136
1ey0	A	0.152481	2eyl	A	T	  82 	S	  82 	0.15	0.993	0.99877	0.99877	136	136	136
1ey0	A	0.62907	2eym	A	T	 120 	C	 120 	0.63	0.993	0.97974	0.98693	136	135	135
1ey0	A	0.438183	2eyo	A	T	 120 	S	 120 	0.44	0.993	0.98629	0.99356	136	135	135
1ey0	A	0.184934	2eyp	A	T	 120 	V	 120 	0.18	0.993	0.9982	0.9982	136	136	136
1ey0	A	0.19481500000000002	2f0d	A	I	  92 	V	  92 	0.19	0.993	0.99799	0.99799	136	136	136
1ey0	A	0.455769	2f0e	A	V	  23 	L	  23 	0.46	0.993	0.98583	0.9931	136	135	135
1ey0	A	0.15521300000000002	2f0f	A	L	  25 	I	  25 	0.16	0.993	0.99872	0.99872	136	136	136
1ey0	A	0.15172	2f0g	A	V	  66 	I	  66 	0.15	0.993	0.99144	0.99877	136	135	135
1ey0	A	0.560239	2f0h	A	V	  66 	L	  66 	0.56	0.993	0.98161	0.98881	136	135	135
1ey0	A	0.106879	2f0i	A	I	  72 	L	  72 	0.11	0.993	0.99939	0.99939	136	136	136
1ey0	A	0.502776	2f0j	A	I	  72 	V	  72 	0.5	0.993	0.98403	0.99127	136	135	135
1ey0	A	0.7087140000000001	2snm	A	V	  66 	K	  66 	0.71	0.993	0.97262	0.97969	136	135	135
2nwd	X	0.30139099999999996	133l	A	R	 115 	H	 115 	0.3	0.992	0.99508	0.99508	130	130	130
2nwd	X	0.481976	134l	A	R	 115 	E	 115 	0.48	0.992	0.98759	0.98759	130	130	130
2nwd	X	0.235585	1b5u	A	S	  24 	A	  24 	0.24	0.992	0.99692	0.99692	130	130	130
2nwd	X	0.270879	1b5v	A	S	  51 	A	  51 	0.27	0.992	0.99596	0.99596	130	130	130
2nwd	X	0.295194	1b5w	A	S	  61 	A	  61 	0.3	0.992	0.99518	0.99518	130	130	130
2nwd	X	0.280402	1b5x	A	S	  80 	A	  80 	0.28	0.992	0.99571	0.99571	130	130	130
2nwd	X	0.27806	1b5y	A	S	  36 	A	  36 	0.28	0.992	0.99571	0.99571	130	130	130
2nwd	X	0.158235	1b7l	A	A	  32 	L	  32 	0.16	0.992	0.99861	0.99861	130	130	130
2nwd	X	0.37380599999999997	1b7m	A	A	  96 	M	  96 	0.37	0.992	0.99243	0.99243	130	130	130
2nwd	X	0.19457	1b7n	A	E	  35 	L	  35 	0.19	0.992	0.99789	0.99789	130	130	130
2nwd	X	0.145127	1b7o	A	G	  37 	Q	  37 	0.15	0.992	0.99883	0.99883	130	130	130
2nwd	X	0.166072	1b7p	A	H	  78 	G	  78 	0.17	0.992	0.99846	0.99846	130	130	130
2nwd	X	0.263943	1b7q	A	N	  27 	L	  27 	0.26	0.992	0.99615	0.99615	130	130	130
2nwd	X	0.374871	1b7r	A	Q	  58 	G	  58 	0.37	0.992	0.99228	0.99228	130	130	130
2nwd	X	0.254485	1b7s	A	V	  74 	S	  74 	0.25	0.992	0.99642	0.99642	130	130	130
2nwd	X	0.267559	1cj6	A	T	  11 	A	  11 	0.27	0.992	0.99603	0.99603	130	130	130
2nwd	X	0.276783	1cj7	A	T	  11 	V	  11 	0.28	0.992	0.99576	0.99576	130	130	130
2nwd	X	0.24877600000000002	1cj8	A	T	  40 	A	  40 	0.25	0.992	0.99656	0.99656	130	130	130
2nwd	X	0.255452	1cj9	A	T	  40 	V	  40 	0.26	0.992	0.99638	0.99638	130	130	130
2nwd	X	0.275582	1ckc	A	T	  43 	A	  43 	0.28	0.992	0.9958	0.9958	130	130	130
2nwd	X	0.27989	1ckd	A	T	  43 	V	  43 	0.28	0.992	0.99566	0.99566	130	130	130
2nwd	X	0.151393	1ckf	A	T	  52 	A	  52 	0.15	0.992	0.99872	0.99872	130	130	130
2nwd	X	0.311081	1ckh	A	T	  70 	V	  70 	0.31	0.992	0.99478	0.99478	130	130	130
2nwd	X	0.391438	1d6q	A	D	 102 	E	 102 	0.39	0.992	0.99167	0.99167	130	130	130
2nwd	X	0.327045	1di3	A	R	  50 	G	  50 	0.33	0.992	0.99425	0.99425	130	130	130
2nwd	X	0.10061200000000001	1eq4	A	E	   7 	Q	   7 	0.1	0.992	0.99944	0.99944	130	130	130
2nwd	X	0.24441999999999997	1eq5	A	D	 102 	N	 102 	0.24	0.992	0.99672	0.99672	130	130	130
2nwd	X	0.24178000000000002	1eqe	A	D	 120 	N	 120 	0.24	0.992	0.9968	0.9968	130	130	130
2nwd	X	0.230109	1gay	A	V	   2 	G	   2 	0.23	0.992	0.9971	0.9971	130	130	130
2nwd	X	0.127974	1gaz	A	V	   2 	I	   2 	0.13	0.992	0.99909	0.99909	130	130	130
2nwd	X	0.126281	1gb0	A	V	   2 	L	   2 	0.13	0.992	0.99911	0.99911	130	130	130
2nwd	X	0.190552	1gb2	A	V	   2 	M	   2 	0.19	0.992	0.99798	0.99798	130	130	130
2nwd	X	0.15967699999999999	1gb3	A	V	   2 	F	   2 	0.16	0.992	0.99858	0.99858	130	130	130
2nwd	X	0.23577199999999998	1gb5	A	V	  74 	G	  74 	0.24	0.992	0.99698	0.99698	130	130	130
2nwd	X	0.182248	1gb6	A	V	  74 	I	  74 	0.18	0.992	0.99815	0.99815	130	130	130
2nwd	X	0.165298	1gb7	A	V	  74 	L	  74 	0.17	0.992	0.99848	0.99848	130	130	130
2nwd	X	0.129632	1gb8	A	V	  74 	M	  74 	0.13	0.992	0.99906	0.99906	130	130	130
2nwd	X	0.121	1gb9	A	V	  74 	F	  74 	0.12	0.992	0.99918	0.99918	130	130	130
2nwd	X	0.141077	1gbo	A	V	 110 	G	 110 	0.14	0.992	0.99889	0.99889	130	130	130
2nwd	X	0.157918	1gbw	A	V	 110 	I	 110 	0.16	0.992	0.99861	0.99861	130	130	130
2nwd	X	0.214083	1gbx	A	V	 110 	L	 110 	0.21	0.992	0.99746	0.99746	130	130	130
2nwd	X	0.215306	1gby	A	V	 110 	M	 110 	0.22	0.992	0.99743	0.99743	130	130	130
2nwd	X	0.331418	1gbz	A	V	 110 	F	 110 	0.33	0.992	0.99418	0.99418	130	130	130
2nwd	X	0.194368	1gdw	A	R	  21 	G	  21 	0.19	0.992	0.99792	0.99792	130	130	130
2nwd	X	0.17988800000000002	1gdx	A	R	  21 	A	  21 	0.18	0.992	0.99821	0.99821	130	130	130
2nwd	X	0.14183800000000002	1ge0	A	Y	  38 	G	  38 	0.14	0.992	0.99888	0.99888	130	130	130
2nwd	X	0.180996	1ge1	A	Q	  58 	A	  58 	0.18	0.992	0.99818	0.99818	130	130	130
2nwd	X	0.222654	1ge2	A	H	  78 	A	  78 	0.22	0.992	0.99726	0.99726	130	130	130
2nwd	X	0.13969	1ge3	A	N	 118 	G	 118 	0.14	0.992	0.99891	0.99891	130	130	130
2nwd	X	0.14798599999999998	1ge4	A	N	 118 	A	 118 	0.15	0.992	0.99878	0.99878	130	130	130
2nwd	X	0.218165	1gev	A	L	   8 	T	   8 	0.22	0.992	0.99736	0.99736	130	130	130
2nwd	X	0.129119	1gez	A	A	   9 	S	   9 	0.13	0.992	0.99907	0.99907	130	130	130
2nwd	X	0.130424	1gf0	A	A	  32 	S	  32 	0.13	0.992	0.99905	0.99905	130	130	130
2nwd	X	0.130299	1gf3	A	A	  92 	S	  92 	0.13	0.992	0.99905	0.99905	130	130	130
2nwd	X	0.117827	1gf4	A	V	  93 	T	  93 	0.12	0.992	0.99923	0.99923	130	130	130
2nwd	X	0.11039500000000001	1gf5	A	A	  96 	S	  96 	0.11	0.992	0.99932	0.99932	130	130	130
2nwd	X	0.13233699999999998	1gf6	A	V	  99 	T	  99 	0.13	0.992	0.99902	0.99902	130	130	130
2nwd	X	0.133992	1gf7	A	V	 100 	T	 100 	0.13	0.992	0.999	0.999	130	130	130
2nwd	X	0.180449	1gf8	A	V	   2 	S	   2 	0.18	0.992	0.9982	0.9982	130	130	130
2nwd	X	0.164198	1gf9	A	V	   2 	Y	   2 	0.16	0.992	0.9985	0.9985	130	130	130
2nwd	X	0.18243199999999998	1gfa	A	V	   2 	D	   2 	0.18	0.992	0.99815	0.99815	130	130	130
2nwd	X	0.150195	1gfe	A	V	   2 	N	   2 	0.15	0.992	0.99875	0.99875	130	130	130
2nwd	X	0.189033	1gfg	A	V	   2 	R	   2 	0.19	0.992	0.99802	0.99802	130	130	130
2nwd	X	0.12948900000000002	1gfh	A	V	  74 	Y	  74 	0.13	0.992	0.99907	0.99907	130	130	130
2nwd	X	0.17319500000000002	1gfj	A	V	  74 	D	  74 	0.17	0.992	0.99833	0.99833	130	130	130
2nwd	X	0.127689	1gfk	A	V	  74 	N	  74 	0.13	0.992	0.99909	0.99909	130	130	130
2nwd	X	0.11643800000000001	1gfr	A	V	  74 	R	  74 	0.12	0.992	0.99924	0.99924	130	130	130
2nwd	X	0.351919	1gft	A	V	 110 	Y	 110 	0.35	0.992	0.99346	0.99346	130	130	130
2nwd	X	0.23610599999999998	1gfu	A	V	 110 	D	 110 	0.24	0.992	0.99691	0.99691	130	130	130
2nwd	X	0.13634000000000002	1gfv	A	V	 110 	N	 110 	0.14	0.992	0.99896	0.99896	130	130	130
2nwd	X	0.27607800000000005	1i1z	A	Q	  86 	D	  86 	0.28	0.992	0.99577	0.99577	130	130	130
2nwd	X	0.344487	1i20	A	A	  92 	D	  92 	0.34	0.992	0.99346	0.99346	130	130	130
2nwd	X	0.177979	1inu	A	V	 110 	R	 110 	0.18	0.992	0.99825	0.99825	130	130	130
2nwd	X	0.165218	1ip1	A	G	  37 	A	  37 	0.17	0.992	0.99848	0.99848	130	130	130
2nwd	X	0.102725	1ip2	A	G	  48 	A	  48 	0.1	0.992	0.99941	0.99941	130	130	130
2nwd	X	0.174204	1ip4	A	G	  72 	A	  72 	0.17	0.992	0.99831	0.99831	130	130	130
2nwd	X	0.149019	1ip5	A	G	 105 	A	 105 	0.15	0.992	0.99877	0.99877	130	130	130
2nwd	X	0.13666199999999998	1ip6	A	G	 127 	A	 127 	0.14	0.992	0.99896	0.99896	130	130	130
2nwd	X	0.318352	1jka	A	E	  35 	D	  35 	0.32	0.992	0.99448	0.99448	130	130	130
2nwd	X	0.317653	1jkb	A	E	  35 	A	  35 	0.32	0.992	0.99459	0.99459	130	130	130
2nwd	X	0.255785	1jkc	A	W	 109 	F	 109 	0.26	0.992	0.9964	0.9964	130	130	130
2nwd	X	0.316156	1jkd	A	W	 109 	A	 109 	0.32	0.992	0.99458	0.99458	130	130	130
2nwd	X	0.289377	1laa	A	D	  53 	E	  53 	0.29	0.992	0.99547	0.99547	130	130	130
2nwd	X	0.29297	1lhh	A	V	 110 	P	 110 	0.29	0.992	0.99524	0.99524	130	130	130
2nwd	X	0.246648	1lhi	A	P	  71 	G	  71 	0.25	0.992	0.99663	0.99663	130	130	130
2nwd	X	0.234812	1lhj	A	P	 103 	G	 103 	0.23	0.992	0.99694	0.99694	130	130	130
2nwd	X	0.26863899999999996	1lhk	A	D	  91 	P	  91 	0.27	0.992	0.996	0.996	130	130	130
2nwd	X	0.268074	1lhl	A	A	  47 	P	  47 	0.27	0.992	0.99601	0.99601	130	130	130
2nwd	X	1.9366400000000001	1lyy	A	D	  67 	H	  67 	1.94	0.992	0.93019	0.93019	130	130	130
2nwd	X	0.265843	1lz4	A	C	  77 	A	  77 	0.27	0.992	0.99609	0.99609	130	130	130
2nwd	X	0.24099299999999999	1oub	A	V	 100 	A	 100 	0.24	0.992	0.99677	0.99677	130	130	130
2nwd	X	0.274706	1ouc	A	V	 110 	A	 110 	0.27	0.992	0.99582	0.99582	130	130	130
2nwd	X	0.261454	1oud	A	V	 121 	A	 121 	0.26	0.992	0.99621	0.99621	130	130	130
2nwd	X	0.275309	1oue	A	V	 125 	A	 125 	0.28	0.992	0.99581	0.99581	130	130	130
2nwd	X	0.264854	1ouf	A	V	 130 	A	 130 	0.26	0.992	0.99616	0.99616	130	130	130
2nwd	X	0.25206	1oug	A	V	   2 	A	   2 	0.25	0.992	0.99647	0.99647	130	130	130
2nwd	X	0.24466500000000002	1ouh	A	V	  74 	A	  74 	0.24	0.992	0.99667	0.99667	130	130	130
2nwd	X	0.25574600000000003	1oui	A	V	  93 	A	  93 	0.26	0.992	0.99637	0.99637	130	130	130
2nwd	X	0.29349400000000003	1ouj	A	V	  99 	A	  99 	0.29	0.992	0.99523	0.99523	130	130	130
2nwd	X	0.299183	1tay	A	Y	  63 	A	  63 	0.3	0.992	0.99517	0.99517	130	130	130
2nwd	X	0.290846	1tby	A	Y	  63 	L	  63 	0.29	0.992	0.99537	0.99537	130	130	130
2nwd	X	0.285681	1tcy	A	Y	  63 	F	  63 	0.29	0.992	0.99558	0.99558	130	130	130
2nwd	X	0.29484899999999997	1tdy	A	Y	  63 	W	  63 	0.29	0.992	0.99529	0.99529	130	130	130
2nwd	X	0.718006	1w08	A	T	  70 	N	  70 	0.72	0.992	0.97659	0.97659	130	130	130
2nwd	X	0.221516	1wqm	A	Y	 124 	F	 124 	0.22	0.992	0.99727	0.99727	130	130	130
2nwd	X	0.24492399999999998	1wqn	A	Y	  20 	F	  20 	0.24	0.992	0.99667	0.99667	130	130	130
2nwd	X	0.267663	1wqo	A	Y	  38 	F	  38 	0.27	0.992	0.99602	0.99602	130	130	130
2nwd	X	0.233683	1wqp	A	Y	  45 	F	  45 	0.23	0.992	0.99697	0.99697	130	130	130
2nwd	X	0.25900500000000004	1wqq	A	Y	  54 	F	  54 	0.26	0.992	0.99628	0.99628	130	130	130
2nwd	X	0.259956	1yam	A	I	 106 	V	 106 	0.26	0.992	0.99625	0.99625	130	130	130
2nwd	X	0.239404	1yan	A	I	  23 	V	  23 	0.24	0.992	0.99682	0.99682	130	130	130
2nwd	X	0.26371100000000003	1yap	A	I	  59 	V	  59 	0.26	0.992	0.99614	0.99614	130	130	130
2nwd	X	0.234762	1yaq	A	I	  89 	V	  89 	0.23	0.992	0.99694	0.99694	130	130	130
2nwd	X	0.285111	2hea	A	I	 106 	A	 106 	0.29	0.992	0.99551	0.99551	130	130	130
2nwd	X	0.279949	2heb	A	I	  23 	A	  23 	0.28	0.992	0.99567	0.99567	130	130	130
2nwd	X	0.257189	2hed	A	I	  59 	A	  59 	0.26	0.992	0.99633	0.99633	130	130	130
2nwd	X	0.27908499999999997	2hee	A	I	  59 	G	  59 	0.28	0.992	0.9957	0.9957	130	130	130
2nwd	X	0.229909	2hef	A	I	  89 	A	  89 	0.23	0.992	0.99706	0.99706	130	130	130
2nwd	X	0.269851	2med	A	I	  59 	F	  59 	0.27	0.992	0.99596	0.99596	130	130	130
2nwd	X	0.263208	2mee	A	I	  59 	L	  59 	0.26	0.992	0.99617	0.99617	130	130	130
2nwd	X	0.251202	2mef	A	I	  59 	M	  59 	0.25	0.992	0.9965	0.9965	130	130	130
2nwd	X	0.249877	2meg	A	I	  59 	S	  59 	0.25	0.992	0.99654	0.99654	130	130	130
2nwd	X	0.251538	2meh	A	I	  59 	T	  59 	0.25	0.992	0.99649	0.99649	130	130	130
2nwd	X	0.290081	2mei	A	I	  59 	Y	  59 	0.29	0.992	0.99535	0.99535	130	130	130
4fi8	A	0.22274899999999997	1etb	1	-		E		0.22	0.991	0.99683	0.97157	115	118	115
4fi8	A	0.42768900000000004	1fhn	A	-		E		0.22	0.991	0.98826	0.98826	115	115	114
4fi8	A	0.427496	1iii	A	-		E		0.24	0.991	0.9878	0.9878	115	115	114
4fi8	A	0.211067	1tsh	A	T	  59 	A	  60 	0.21	0.991	0.99715	0.9032	115	127	115
4fi8	A	0.224706	1ttr	A	-		E		0.23	0.991	0.99681	0.98825	115	116	115
4fi8	A	0.389855	1x7s	A	Y	  77 	F	  78 	0.19	0.991	0.98892	0.98892	115	115	114
4fi8	A	0.300214	1x7t	A	G		-		0.3	0.991	0.98586	0.97741	115	116	114
4fi8	A	0.462056	2g3x	A	I	  83 	S	  84 	0.39	0.991	0.98189	0.98189	115	115	114
4fi8	A	0.6762100000000001	2g3z	A	I	  83 	A	  84 	0.41	0.991	0.97232	0.98075	115	114	113
4fi8	A	0.7423960000000001	2pab	A	E	  62 	Q	  63 	0.47	0.991	0.97006	0.97846	115	114	113
4fi8	A	0.27313899999999997	2trh	A	-		E		0.27	0.991	0.99526	0.90166	115	127	115
4fi8	A	0.296063	2try	A	S	  76 	Y	  77 	0.3	0.991	0.99447	0.90101	115	127	115
4fi8	A	0.561474	2try	B	S	  76 	Y	  77 	0.56	0.991	0.98158	0.89041	115	127	115
4fi8	A	0.323781	3a4e	A	E	  53 	G	  54 	0.32	0.991	0.99338	0.98488	115	116	115
4fi8	A	1.073713	3a4e	B	E	  53 	G	  54 	1.08	0.991	0.95696	0.95696	115	115	114
4fi8	A	0.29871	3a4f	A	E	  53 	K	  54 	0.3	0.991	0.99455	0.98603	115	116	115
4fi8	A	0.392104	3bt0	A	-		E		0.39	0.991	0.99051	0.98206	115	116	115
4fi8	A	0.31761799999999996	3cxf	A	-		E		0.32	0.991	0.99375	0.98524	115	116	115
4fi8	A	0.656304	3djs	A	L	  57 	H	  58 	0.66	0.991	0.98103	0.97271	115	116	115
4fi8	A	0.44310600000000006	3djz	A	L	  54 	P	  55 	0.44	0.991	0.98863	0.9802	115	116	115
4fi8	A	0.519926	3i9a	A	-		E		0.52	0.991	0.98318	0.97486	115	116	115
4fi8	A	0.286083	4mrc	A	S	  51 	P	  52 	0.29	0.991	0.9949	0.98637	115	116	115
2vb1	A	0.698839	1flq	A	G	 117 	A	 117 	0.7	0.992	0.97599	0.97599	129	129	129
2vb1	A	0.654722	1flu	A	G	  67 	A	  67 	0.65	0.992	0.97849	0.97849	129	129	129
2vb1	A	0.6470600000000001	1flw	A	G	  71 	A	  71 	0.65	0.992	0.9791	0.9791	129	129	129
2vb1	A	0.7471270000000001	1fly	A	G	 102 	A	 102 	0.75	0.992	0.97359	0.97359	129	129	129
2vb1	A	0.66509	1fn5	A	G	  49 	A	  49 	0.67	0.992	0.97801	0.97801	129	129	129
2vb1	A	0.7243850000000001	1h6m	A	E	  35 	Q	  35 	0.72	0.992	0.9744	0.9744	129	129	129
2vb1	A	0.701148	1hem	A	S	  91 	T	  91 	0.7	0.992	0.97624	0.97624	129	129	129
2vb1	A	0.707108	1heo	A	I	  55 	V	  55 	0.71	0.992	0.97581	0.97581	129	129	129
2vb1	A	0.701706	1her	A	T	  40 	S	  40 	0.7	0.992	0.97611	0.97611	129	129	129
2vb1	A	0.699855	1iot	A	M	  12 	L	  12 	0.7	0.992	0.9759	0.9759	129	129	129
2vb1	A	0.6901	1ir7	A	I	  78 	M	  78 	0.69	0.992	0.97652	0.97652	129	129	129
2vb1	A	0.713508	1ir8	A	I	  58 	M	  58 	0.71	0.992	0.97521	0.97521	129	129	129
2vb1	A	0.703982	1ir9	A	I	  98 	M	  98 	0.7	0.992	0.97575	0.97575	129	129	129
2vb1	A	0.686239	1kxw	A	N	  27 	D	  27 	0.69	0.992	0.9768	0.9768	129	129	129
2vb1	A	0.674427	1kxy	A	D	  18 	N	  18 	0.67	0.992	0.97743	0.97743	129	129	129
2vb1	A	0.6802050000000001	1uic	A	H	  15 	A	  15 	0.68	0.992	0.97729	0.97729	129	129	129
2vb1	A	0.726703	1uid	A	H	  15 	F	  15 	0.73	0.992	0.97407	0.97407	129	129	129
2vb1	A	0.674766	1uie	A	H	  15 	G	  15 	0.67	0.992	0.97762	0.97762	129	129	129
2vb1	A	0.719572	1uif	A	H	  15 	V	  15 	0.72	0.992	0.97503	0.97503	129	129	129
2vb1	A	0.761444	3a3r	X	N	  59 	D	  59 	0.76	0.992	0.97222	0.97222	129	129	129
2vb1	A	0.741338	3ojp	A	D	  52 	N	  52 	0.74	0.992	0.97359	0.97359	129	129	129
2vb1	A	0.706962	3ok0	A	E	  35 	A	  35 	0.71	0.992	0.97588	0.97588	129	129	129
2vb1	A	0.742873	3wvx	A	D	  48 	A	  48 	0.74	0.992	0.97557	0.97557	129	129	129
2vb1	A	0.448446	4yeo	A	L	 129 	A	 129 	0.45	0.992	0.9896	0.9896	129	129	129
2e3w	A	0.359151	1a5q	A	P	  93 	A	  93 	0.36	0.992	0.99261	0.99261	124	124	124
2e3w	A	0.38904299999999997	1c8w	A	T	  45 	G	  45 	0.39	0.992	0.99147	0.99147	124	124	124
2e3w	A	0.312899	1c9v	A	H	  12 	A	  12 	0.31	0.992	0.99453	0.99453	124	124	124
2e3w	A	0.239812	1c9x	A	H	 119 	A	 119 	0.24	0.992	0.99671	0.99671	124	124	124
2e3w	A	0.242752	1eic	A	F	 120 	A	 120 	0.24	0.992	0.99662	0.99662	124	124	124
2e3w	A	0.349027	1eid	A	F	 120 	G	 120 	0.35	0.992	0.99335	0.99335	124	124	124
2e3w	A	0.180944	1eie	A	F	 120 	W	 120 	0.18	0.992	0.99809	0.99809	124	124	124
2e3w	A	0.134985	1izp	A	F	  46 	L	  46 	0.13	0.992	0.99894	0.99894	124	124	124
2e3w	A	0.245274	1izq	A	F	  46 	V	  46 	0.25	0.992	0.9968	0.9968	124	124	124
2e3w	A	0.804825	1izr	A	F	  46 	A	  46 	0.8	0.992	0.98199	0.98199	124	124	124
2e3w	A	0.56997	1ymn	A	Y	  92 	L	  92 	0.57	0.992	0.98298	0.98298	124	124	124
2e3w	A	0.683975	1ymr	A	Y	  92 	A	  92 	0.68	0.992	0.97485	0.97485	124	124	124
2e3w	A	0.37091799999999997	1ymw	A	Y	  92 	G	  92 	0.37	0.992	0.99274	0.99274	124	124	124
2e3w	A	0.407823	2nui	A	D	  83 	A	  83 	0.41	0.992	0.99179	0.99179	124	124	124
2e3w	A	0.198473	3dh6	A	V	  47 	A	  47 	0.2	0.992	0.9977	0.9977	124	124	124
2e3w	A	0.119246	3di7	A	V	  54 	A	  54 	0.12	0.992	0.99917	0.99917	124	124	124
2e3w	A	0.18576800000000002	3di8	A	V	  57 	A	  57 	0.19	0.992	0.99807	0.99807	124	124	124
2e3w	A	0.231116	3di9	A	I	  81 	A	  81 	0.23	0.992	0.9969	0.9969	124	124	124
2e3w	A	0.258087	3dib	A	I	 106 	A	 106 	0.26	0.992	0.99654	0.99654	124	124	124
2e3w	A	0.11626500000000001	3dic	A	V	 108 	A	 108 	0.12	0.992	0.99921	0.99921	124	124	124
2e3w	A	0.247862	3rh1	A	P	 114 	A	 114 	0.25	0.992	0.99652	0.99652	124	124	124
2e3w	A	0.428663	3rsd	A	D	 121 	N	 121 	0.43	0.992	0.98972	0.98972	124	124	124
2e3w	A	0.337428	3rsp	A	P	  93 	G	  93 	0.34	0.992	0.99341	0.99341	124	124	124
2e3w	A	0.282586	4rsd	A	D	 121 	A	 121 	0.28	0.992	0.99543	0.99543	124	124	124
4bfl	A	0.286451	1cf9	A	V	 169 	C	 169 	0.29	0.999	0.97626	0.99907	744	727	727
4bfl	A	0.456524	1gg9	A	H	 128 	N	 128 	0.45	0.997	0.9751	0.99787	744	727	727
4bfl	A	0.456559	1ggh	A	H	 128 	A	 128 	0.44	0.997	0.97513	0.9979	744	727	727
4bfl	A	0.449697	1ggj	A	N	 201 	A	 201 	0.44	0.997	0.97515	0.99791	744	727	727
4bfl	A	0.47886999999999996	1ggk	A	N	 201 	H	 201 	0.47	0.997	0.97485	0.9976	744	727	727
4bfl	A	0.43803100000000006	1p7y	A	D	 181 	A	 181 	0.43	0.997	0.97527	0.99804	744	727	727
4bfl	A	0.42452	1p7z	A	D	 181 	S	 181 	0.41	0.997	0.97543	0.99821	744	727	727
4bfl	A	0.39813899999999997	1p80	A	D	 181 	Q	 181 	0.39	0.997	0.97567	0.99845	744	727	727
4bfl	A	0.194681	1p80	B	D	 181 	Q	 181 	0.19	0.999	0.97673	0.99956	744	727	727
4bfl	A	0.252363	1p80	C	D	 181 	Q	 181 	0.25	0.999	0.97646	0.99929	744	727	727
4bfl	A	0.251906	1p80	D	D	 181 	Q	 181 	0.25	0.999	0.97646	0.99928	744	727	727
4bfl	A	0.405901	1p81	A	D	 181 	E	 181 	0.39	0.997	0.97559	0.99837	744	727	727
4bfl	A	0.311907	1qf7	A	H	 392 	Q	 392 	0.31	0.999	0.97609	0.99889	744	727	727
4bfl	A	0.400149	1qws	A	D	 181 	N	 181 	0.39	0.997	0.97564	0.99842	744	727	727
4bfl	A	0.361112	3p9p	A	I	 274 	V	 274 	0.36	0.997	0.97451	0.99865	744	726	726
4bfl	A	0.351111	3p9r	A	I	 274 	G	 274 	0.35	0.997	0.97324	0.99872	744	725	725
4bfl	A	0.349781	3p9s	A	I	 274 	A	 274 	0.35	0.997	0.97322	0.9987	744	725	725
4bfl	A	0.36639499999999997	3ttt	A	F	 413 	Y	 413 	0.36	0.997	0.97445	0.99859	744	726	726
4bfl	A	0.366293	3ttw	A	F	 413 	E	 413 	0.37	0.997	0.9731	0.99858	744	725	725
4bfl	A	0.36604200000000003	3ttx	A	F	 413 	K	 413 	0.36	0.997	0.97312	0.99859	744	725	725
4bfl	A	0.288037	4enp	A	E	 530 	A	 530 	0.29	0.999	0.97489	0.99904	744	726	726
4bfl	A	0.316712	4enq	A	E	 530 	D	 530 	0.32	0.999	0.97201	0.99884	744	724	724
4bfl	A	0.29369	4enr	A	E	 530 	I	 530 	0.29	0.999	0.97351	0.999	744	725	725
4bfl	A	0.274407	4ens	A	E	 530 	Q	 530 	0.27	0.999	0.97497	0.99913	744	726	726
4bfl	A	0.307323	4ent	A	S	 234 	A	 234 	0.31	0.999	0.97342	0.99891	744	725	725
4bfl	A	0.282534	4enu	A	S	 234 	D	 234 	0.28	0.999	0.97358	0.99907	744	725	725
4bfl	A	0.359221	4env	A	S	 234 	I	 234 	0.35	0.997	0.97455	0.99869	744	726	726
4bfl	A	0.300002	4enw	A	S	 234 	N	 234 	0.3	0.999	0.97481	0.99896	744	726	726
